ui_author_name_goki_dev,goki,,,,,,,,,,,
ui_mod_name_gkbrkn,"Goki's Things",,,,,,,,,,,
ui_close_menu_gkbrkn,"Close",,,,,,,,,,,
ui_enable_all_gkbrkn,"Enable All",,,,,,,,,,,
ui_disable_all_gkbrkn,"Disable All",,,,,,,,,,,
ui_toggle_all_gkbrkn,"Toggle All",,,,,,,,,,,
ui_info_button_gkbrkn,"? ",,,,,,,,,,,
ui_preview_button_gkbrkn,"P ",,,,,,,,,,,
ui_check_mark_gkbrkn,"[X]",,,,,,,,,,,
ui_uncheck_mark_gkbrkn,"[  ]",,,,,,,,,,,
ui_restart_required_gkbrkn,"restart required",,,,,,,,,,,
ui_new_game_required_gkbrkn,"new game required",,,,,,,,,,,
ui_page_gkbrkn,"Page ",,,,,,,,,,,
ui_auto_hide_message_gkbrkn,"Hid Goki's Things",,,,,,,,,,,
ui_tab_name_gkbrkn_options,"Options",,,,,,,,,,,
ui_carnage_warning_gkbrkn,"The gods are against you",,,,,,,,,,,
ui_carnage_warning_note_gkbrkn,"",,,,,,,,,,,
ui_missing_name_gkbrkn,"missing name: ",,,,,,,,,,,
ui_missing_desc_gkbrkn,"missing description: ",,,,,,,,,,,
config_content_type_name_gkbrkn_action,"Actions",,,,,,,,,,,
config_content_type_name_gkbrkn_perk,"Perks",,,,,,,,,,,
config_content_type_name_gkbrkn_misc,"Misc",,,,,,,,,,,
config_content_type_name_gkbrkn_tweak,"Tweaks",,,,,,,,,,,
config_content_type_name_gkbrkn_champion_type,"Champions",,,,,,,,,,,
config_content_type_name_gkbrkn_item,"Items",,,,,,,,,,,
config_content_type_name_gkbrkn_loadout,"Loadouts",,,,,,,,,,,
config_content_type_name_gkbrkn_starting_perk,"Starting Perks",,,,,,,,,,,
config_content_type_name_gkbrkn_legendary_wand,"Unique Wands",,,,,,,,,,,
config_content_type_name_gkbrkn_event,"Events",,,,,,,,,,,
config_content_type_name_gkbrkn_game_modifier,"Game Modifiers",,,,,,,,,,,
config_content_type_name_gkbrkn_dev_option,"Dev Options",,,,,,,,,,,
config_content_type_name_gkbrkn_pack,"Packs",,,,,,,,,,,
dev_option_name_gkbrkn_infinite_mana,"Infinite Mana",,,,,,,,,,,
dev_option_desc_gkbrkn_infinite_mana,"Infinite Mana",,,,,,,,,,,
dev_option_name_gkbrkn_infinite_spells,"Infinite Spells",,,,,,,,,,,
dev_option_desc_gkbrkn_infinite_spells,"Infinite Spells",,,,,,,,,,,
dev_option_name_gkbrkn_recover_health,"Recover Health",,,,,,,,,,,
dev_option_desc_gkbrkn_recover_health,"Recover Health",,,,,,,,,,,
dev_option_name_gkbrkn_cheap_rerolls,"Cheap Rerolls",,,,,,,,,,,
dev_option_desc_gkbrkn_cheap_rerolls,"Cheap Rerolls",,,,,,,,,,,
dev_option_name_gkbrkn_infinite_money,"Infinite Money",,,,,,,,,,,
dev_option_desc_gkbrkn_infinite_money,"Infinite Money",,,,,,,,,,,
option_group_name_gkbrkn_gold_tracking,"Gold Tracking",,,,,,,,,,,
option_name_gkbrkn_pack_shops,"Pack Shops",,,,,,,,,,,
option_desc_gkbrkn_pack_shops,"Replace the spells and wands in the shop with card packs",,,,,,,,,,,
option_name_gkbrkn_gold_tracking_message,"Log Collected Gold",,,,,,,,,,,
option_desc_gkbrkn_gold_tracking_message,"Show the sum of recently accumulated gold in the log",,,,,,,,,,,
option_name_gkbrkn_gold_tracking_in_world,"Count Collected Gold",,,,,,,,,,,
option_desc_gkbrkn_gold_tracking_in_world,"Show the sum of recently accumulated gold near the player character",,,,,,,,,,,
option_group_name_gkbrkn_invincibility_frames,"Invincibility Frames",,,,,,,,,,,
option_name_gkbrkn_invincibility_frames,"Enable",,,,,,,,,,,
option_desc_gkbrkn_invincibility_frames,"Gain 10 frames of invincibility when taking damage from enemies",,,,,,,,,,,
option_name_gkbrkn_invincibility_frames_flashing,"Show Flashing",,,,,,,,,,,
option_desc_gkbrkn_invincibility_frames_flashing,"The player character will blink while they are invincible",,,,,,,,,,,
option_group_name_gkbrkn_heal_new_health,"Heal New Health",,,,,,,,,,,
option_name_gkbrkn_max_health_heal,"Enable",,,,,,,,,,,
option_desc_gkbrkn_max_health_heal,"Heal for the amount gained when your health increases",,,,,,,,,,,
option_name_gkbrkn_max_health_heal_full,"Heal To Full",,,,,,,,,,,
option_desc_gkbrkn_max_health_heal_full,"Heal completely when your health increases",,,,,,,,,,,
option_group_name_gkbrkn_less_particles,"Less Particles",,,,,,,,,,,
option_name_gkbrkn_less_particles_player,"Player Projectiles",,,,,,,,,,,
option_desc_gkbrkn_less_particles_player,"Projectiles shot by the player will have reduced cosmetic particle effects",,,,,,,,,,,
option_name_gkbrkn_less_particles_other_stuff,"Other Stuff",,,,,,,,,,,
option_desc_gkbrkn_less_particles_other_stuff,"All entities will have reduced cosmetic particle effects",,,,,,,,,,,
option_name_gkbrkn_less_particles_disable_cosmetic,"Disable Cosmetic Particles",,,,,,,,,,,
option_desc_gkbrkn_less_particles_disable_cosmetic,"Cosmetic particle effects will be completely disabled instead of reduced",,,,,,,,,,,
option_group_name_gkbrkn_random_start,"Random Start",,,,,,,,,,,
option_name_gkbrkn_random_start_random_wands,"Random Wands",,,,,,,,,,,
option_desc_gkbrkn_random_start_random_wands,"Generate 2 random wands at the start of your run",,,,,,,,,,,
option_name_gkbrkn_random_start_custom_wands,"Alternative Wand Generation",,,,,,,,,,,
option_desc_gkbrkn_random_start_custom_wands,"Use less repetitive custom logic to generate the random starting wands",,,,,,,,,,,
option_name_gkbrkn_random_start_random_cape,"Random Cape Colour",,,,,,,,,,,
option_desc_gkbrkn_random_start_random_cape,"Randomize the player's cape colour at the start of your run",,,,,,,,,,,
option_name_gkbrkn_random_start_random_health,"Random Starting Health",,,,,,,,,,,
option_desc_gkbrkn_random_start_random_health,"Randomize the player's max health at the start of your run (from 50 to 150)",,,,,,,,,,,
option_name_gkbrkn_random_start_random_flask,"Random Flasks",,,,,,,,,,,
option_desc_gkbrkn_random_start_random_flask,"Replace any starting flasks with random flasks at the start of your run",,,,,,,,,,,
option_name_gkbrkn_random_start_random_perk,"Random Perk",,,,,,,,,,,
option_desc_gkbrkn_random_start_random_perk,"Obtain a random perk at the start of your run",,,,,,,,,,,
option_group_name_gkbrkn_champion_enemies,"Champion Enemies",,,,,,,,,,,
option_name_gkbrkn_champion_enemies,"Enable",,,,,,,,,,,
option_desc_gkbrkn_champion_enemies,"Enemies may spawn as Champions that are stronger and gain a special modifier",,,,,,,,,,,
option_name_gkbrkn_champion_enemies_mini_bosses,"Mini-Bosses",,,,,,,,,,,
option_desc_gkbrkn_champion_enemies_mini_bosses,"Every 50 kills you may encounter a Champion with many modifiers that drops a chest when defeated",,,,,,,,,,,
option_name_gkbrkn_champion_enemies_super,"Super Champions",,,,,,,,,,,
option_desc_gkbrkn_champion_enemies_super,"Champions may spawn with multiple modifiers",,,,,,,,,,,
option_name_gkbrkn_champion_enemies_always,"Champions Only",,,,,,,,,,,
option_desc_gkbrkn_champion_enemies_always,"All enemies will be Champions",,,,,,,,,,,
option_group_name_gkbrkn_hero_mode,"Hero Mode",,,,,,,,,,,
option_name_gkbrkn_hero_mode,"Enable",,,,,,,,,,,
option_desc_gkbrkn_hero_mode,"A challenge mode where the enemies become stronger and more aggressive",,,,,,,,,,,
option_name_gkbrkn_hero_mode_carnage,"Carnage Mode",,,,,,,,,,,
option_desc_gkbrkn_hero_mode_carnage,"An even harder modifier for Hero Mode",,,,,,,,,,,
option_name_gkbrkn_hero_mode_orb_scale,"Orbs Increase Difficulty",,,,,,,,,,,
option_desc_gkbrkn_hero_mode_orb_scale,"Collecting orbs will increase enemy difficulty while in Hero Mode",,,,,,,,,,,
option_name_gkbrkn_hero_mode_distance_scale,"Exploration Increases Difficulty",,,,,,,,,,,
option_desc_gkbrkn_hero_mode_distance_scale,"Entering new biomes will increase enemy difficulty while in Hero Mode",,,,,,,,,,,
option_group_name_gkbrkn_loadouts,"Loadouts",,,,,,,,,,,
option_name_gkbrkn_loadouts_manage,"Manage Loadout Mods",,,,,,,,,,,
option_desc_gkbrkn_loadouts_manage,"Allow Goki's Things to override other loadout mod behaviours\nMust be enabled to use multiple loadout mods together\nGoki's Things MUST be above other loadout mods in the mods menu!",,,,,,,,,,,
option_name_gkbrkn_loadouts_enabled,"Enable Loadouts",,,,,,,,,,,
option_desc_gkbrkn_loadouts_enabled,"A quick toggle to disable loadout selection without having to disable all the loadout mods",,,,,,,,,,,
option_name_gkbrkn_loadouts_cape_color,"Use Loadout Cape Colour",,,,,,,,,,,
option_desc_gkbrkn_loadouts_cape_color,"Apply any custom cape colour the loadout defines",,,,,,,,,,,
option_name_gkbrkn_loadouts_player_sprites,"Use Loadout Player Sprites",,,,,,,,,,,
option_desc_gkbrkn_loadouts_player_sprites,"Apply any custom player sprites the loadout defines",,,,,,,,,,,
option_name_gkbrkn_selectable_classes_integration,"Selectable Classes Integration",,,,,,,,,,,
option_desc_gkbrkn_selectable_classes_integration,"If the Selectable Classes mod is enabled, add all loadouts managed by Goki's Things to the class selection area",,,,,,,,,,,
option_name_gkbrkn_unlock_loadouts,"Unlock Loadouts",,,,,,,,,,,
option_desc_gkbrkn_unlock_loadouts,"If certain loadout spells would be locked, don't lock them",,,,,,,,,,,
option_group_name_gkbrkn_wands,"Wands",,,,,,,,,,,
option_name_gkbrkn_passive_recharge,"Passive Recharge",,,,,,,,,,,
option_desc_gkbrkn_passive_recharge,"Your wands will recharge while holstered",,,,,,,,,,,
option_name_gkbrkn_legendary_wands,"Unique Wands",,,,,,,,,,,
option_desc_gkbrkn_legendary_wands,"Allow Unique Wands to rarely appear in place of normal wands",,,,,,,,,,,
option_name_gkbrkn_loose_spell_generation,"Any Spell On Any Wand",,,,,,,,,,,
option_desc_gkbrkn_loose_spell_generation,"Any applicable spell can spawn on any wand regardless of the wand's level",,,,,,,,,,,
option_name_gkbrkn_extended_wand_generation,"Extended Wand Generation",,,,,,,,,,,
option_desc_gkbrkn_extended_wand_generation,"Allow spells that usually do not spawn on wands to spawn on wands",,,,,,,,,,,
option_name_gkbrkn_chaotic_wand_generation,"Chaotic Wand Generation",,,,,,,,,,,
option_desc_gkbrkn_chaotic_wand_generation,"Replace all spells on all wands with completely random spells",,,,,,,,,,,
option_name_gkbrkn_no_pregen_wands,"No Preset Wands",,,,,,,,,,,
option_desc_gkbrkn_no_pregen_wands,"Replace the preset wands from the first biome with procedural level 1 wands",,,,,,,,,,,
option_group_name_gkbrkn_health_bars,"Health Bars",,,,,,,,,,,
option_name_gkbrkn_health_bars,"Enable",,,,,,,,,,,
option_desc_gkbrkn_health_bars,"Add health bars to enemies that have taken damage",,,,,,,,,,,
option_name_gkbrkn_health_bars_pretty,"Pretty Health Bars",,,,,,,,,,,
option_desc_gkbrkn_health_bars_pretty,"Draw the health bars using sprites which is heavier on performance",,,,,,,,,,,
option_group_name_gkbrkn_gold,"Gold",,,,,,,,,,,
option_name_gkbrkn_gold_decay,"Gold Nuggets -> Gold Powder",,,,,,,,,,,
option_desc_gkbrkn_gold_decay,"Gold nuggets will decay into gold powder instead of disappearing completely",,,,,,,,,,,
option_name_gkbrkn_persistent_gold,"Persistent Gold",,,,,,,,,,,
option_desc_gkbrkn_persistent_gold,"Gold nuggets will never disappear",,,,,,,,,,,
option_name_gkbrkn_auto_pickup_gold,"Auto-collect Gold",,,,,,,,,,,
option_desc_gkbrkn_auto_pickup_gold,"Collect all gold nuggets on the map",,,,,,,,,,,
option_name_gkbrkn_combine_gold,"Combine Gold",,,,,,,,,,,
option_desc_gkbrkn_combine_gold,"Nearby gold nuggets will be merged into one to reduce physics load",,,,,,,,,,,
option_group_name_gkbrkn_ui,"User Interface",,,,,,,,,,,
option_name_gkbrkn_show_fps,"Show FPS",,,,,,,,,,,
option_desc_gkbrkn_show_fps,"Add an FPS counter to the screen",,,,,,,,,,,
option_name_gkbrkn_show_badges,"Show Badges",,,,,,,,,,,
option_desc_gkbrkn_show_badges,"Show challenge modes as icons on the right side of the screen",,,,,,,,,,,
option_name_gkbrkn_show_entity_names,"Show Targeted Entity Names",,,,,,,,,,,
option_desc_gkbrkn_show_entity_names,"Show entity names when targeting them",,,,,,,,,,,
option_name_gkbrkn_show_perk_descriptions,"Show Targeted Perk Descriptions",,,,,,,,,,,
option_desc_gkbrkn_show_perk_descriptions,"Show perk descriptions when targeting them",,,,,,,,,,,
option_name_gkbrkn_show_damage_numbers,"Show Damage Numbers",,,,,,,,,,,
option_desc_gkbrkn_show_damage_numbers,"Show persistent damage numbers over enemies",,,,,,,,,,,
option_name_gkbrkn_auto_hide,"Auto-hide Config Button",,,,,,,,,,,
option_desc_gkbrkn_auto_hide,"Hide the Goki's Things button in the top right after 5 seconds of menu inactivity",,,,,,,,,,,
option_group_name_gkbrkn_misc,"Misc.",,,,,,,,,,,
option_name_gkbrkn_rainbow_projectiles,"Rainbow Projectiles",,,,,,,,,,,
option_desc_gkbrkn_rainbow_projectiles,"Player projectiles will be random colours",,,,,,,,,,,
option_name_gkbrkn_quick_swap,"Quick Swap",,,,,,,,,,,
option_desc_gkbrkn_quick_swap,"Alt-fire to swap between two different item hotbars",,,,,,,,,,,
option_name_gkbrkn_chests_contain_perks,"Chests Can Contain Perks",,,,,,,,,,,
option_desc_gkbrkn_chests_contain_perks,"Chests and Super Chests have a chance to drop a perk instead",,,,,,,,,,,
option_group_name_gkbrkn_mod_core,"Goki's Things",,,,,,,,,,,
option_name_gkbrkn_manage_external_content,"Manage External Content",,,,,,,,,,,
option_desc_gkbrkn_manage_external_content,"Allow Goki's Things to disable actions and perks from the base game and other mods",,,,,,,,,,,
option_name_gkbrkn_mod_tips,"Show Goki's Things Tips",,,,,,,,,,,
option_desc_gkbrkn_mod_tips,"Show tips about Goki's Things at the start of each run",,,,,,,,,,,
mod_tips_gkbrkn_tip_1,"You can disable these tips in the Goki's Things options menu.",,,,,,,,,,,
mod_tips_gkbrkn_tip_2,"Make sure you actually read Goki's Things options! If there's a new option, click the ? to see what it does.",,,,,,,,,,,
mod_tips_gkbrkn_tip_3,"You can disable content from other mods and the base game by enabling Manage External Content.",,,,,,,,,,,
mod_tips_gkbrkn_tip_4,"If hundreds of damage numbers are making you lag, try the Show Damage Numbers option in Goki's Things!",,,,,,,,,,,
mod_tips_gkbrkn_tip_5,"Have a good run!",,,,,,,,,,,
mod_tips_gkbrkn_tip_6,"If you play a lot of New Game++ and beyond, consider enabling Combine Gold to reduce lag.",,,,,,,,,,,
mod_tips_gkbrkn_tip_7,"Don't like spell shops? Enable Wand Shops Only in the Game Modifiers tab!",,,,,,,,,,,
mod_tips_gkbrkn_tip_8,"If your wand causes a lot of lag, consider temporarily disabling particles on Options Page 2.",,,,,,,,,,,
mod_tips_gkbrkn_tip_9,"Want to know what Perks do before you pick them up? Enable Show Perk Descriptions on Options Page 2.",,,,,,,,,,,
option_group_name_gkbrkn_target_dummy,"Target Dummy",,,,,,,,,,,
option_name_gkbrkn_target_dummy,"Enable",,,,,,,,,,,
option_desc_gkbrkn_target_dummy,"Add a target dummy useful for testing spells and damage to each Holy Mountain",,,,,,,,,,,
option_name_gkbrkn_target_dummy_environmental,"Allow Environmental Damage",,,,,,,,,,,
option_desc_gkbrkn_target_dummy_environmental,"Allows the tracker to include environmental and untracked damage",,,,,,,,,,,
option_name_gkbrkn_slot_machine,"Spell Slot Machine",,,,,,,,,,,
option_desc_gkbrkn_slot_machine,"Add a spell slot machine to each Holy Mountain",,,,,,,,,,,
option_name_gkbrkn_shop_reroll,"Shop Reroller",,,,,,,,,,,
option_desc_gkbrkn_shop_reroll,"Add a shop reroller to each Holy Mountain",,,,,,,,,,,
option_name_gkbrkn_fixed_camera,"Fixed Camera",,,,,,,,,,,
option_desc_gkbrkn_fixed_camera,"Keep the player in the center of the screen",,,,,,,,,,,
option_name_gkbrkn_events,"Random Events",,,,,,,,,,,
option_desc_gkbrkn_events,"Enable random events during gameplay (work in progress)",,,,,,,,,,,
option_name_gkbrkn_debug_mode,"Development Mode",,,,,,,,,,,
option_desc_gkbrkn_debug_mode,"Enables some development specific features",,,,,,,,,,,
option_name_gkbrkn_show_deprecated_content,"Show Deprecated Content",,,,,,,,,,,
option_desc_gkbrkn_show_deprecated_content,"Allow the toggling of content that was removed from Goki's Things",,,,,,,,,,,
champion_type_name_armored,"Armoured",,,,,,,,,,,
champion_type_desc_armored,"50% damage resistance, melee and knockback immunity",,,,,,,,,,,
champion_type_name_melee_immune,"Melee Immunity",,,,,,,,,,,
champion_type_desc_melee_immune,"Completely blocks melee damage",,,,,,,,,,,
champion_type_name_explosion_immune,"Explosion Immunity",,,,,,,,,,,
champion_type_desc_explosion_immune,"Completely blocks explosion damage",,,,,,,,,,,
champion_type_name_burning,"Burning",,,,,,,,,,,
champion_type_desc_burning,"Fire immunity, set nearby things on fire. Projectiles set things they hit on fire",,,,,,,,,,,
champion_type_name_counter,"Counter/Reflect",,,,,,,,,,,
champion_type_desc_counter,"Counter attack with a white projectile that explodes after some time",,,,,,,,,,,
champion_type_name_damage_buff,"Damage Buff",,,,,,,,,,,
champion_type_desc_damage_buff,"Melee, projectile, and dash damage increased",,,,,,,,,,,
champion_type_name_digging,"Matter Eater",,,,,,,,,,,
champion_type_desc_digging,"Projectiles dig through the world",,,,,,,,,,,
champion_type_name_eldritch,"Eldritch",,,,,,,,,,,
champion_type_desc_eldritch,"Gain a mid-range tentacle attack",,,,,,,,,,,
champion_type_name_electric,"Electric",,,,,,,,,,,
champion_type_desc_electric,"Electrocute nearby materials Projectiles electrocute things they hit",,,,,,,,,,,
champion_type_name_energy_shield,"Energy Shield",,,,,,,,,,,
champion_type_desc_energy_shield,"Gain a weak energy shield",,,,,,,,,,,
champion_type_name_faster_movement,"Faster Movement",,,,,,,,,,,
champion_type_desc_faster_movement,"200% additional walking speed, 100% additional flying and jumping speed",,,,,,,,,,,
champion_type_name_freezing,"Freezing",,,,,,,,,,,
champion_type_desc_freezing,"Freeze nearby entities and materials Projectiles freeze things they hit",,,,,,,,,,,
champion_type_name_healthy,"Healthy",,,,,,,,,,,
champion_type_desc_healthy,"50% additional health",,,,,,,,,,,
champion_type_name_hot_blooded,"Hot Blooded",,,,,,,,,,,
champion_type_desc_hot_blooded,"Bleed lava",,,,,,,,,,,
champion_type_name_ice_burst,"Ice Burst",,,,,,,,,,,
champion_type_desc_ice_burst,"Shoot a burst of freezing projectile upon taking damage",,,,,,,,,,,
champion_type_name_infested,"Infested",,,,,,,,,,,
champion_type_desc_infested,"Spawn rats, spiders, blobs, or frogs upon death",,,,,,,,,,,
champion_type_name_invincibility_frames,"Invincibility Frames",,,,,,,,,,,
champion_type_desc_invincibility_frames,"Not Implemented",,,,,,,,,,,
champion_type_name_invisible,"Invisible",,,,,,,,,,,
champion_type_desc_invisible,"Gain invisibility",,,,,,,,,,,
champion_type_name_jetpack,"Jetpack",,,,,,,,,,,
champion_type_desc_jetpack,"Gain flight",,,,,,,,,,,
champion_type_name_knockback,"Knockback",,,,,,,,,,,
champion_type_desc_knockback,"Attacks gain high knockback",,,,,,,,,,,
champion_type_name_leaping,"Leaping",,,,,,,,,,,
champion_type_desc_leaping,"Gain a long-range dash attack",,,,,,,,,,,
champion_type_name_loot,"Loot (NYI)",,,,,,,,,,,
champion_type_desc_loot,"Not Implemented",,,,,,,,,,,
champion_type_name_projectile_bounce,"Projectile Bounce",,,,,,,,,,,
champion_type_desc_projectile_bounce,"Projectiles gain additional bounces (4 or 2x existing bounces, whichever is higher)",,,,,,,,,,,
champion_type_name_projectile_buff,"Multishot",,,,,,,,,,,
champion_type_desc_projectile_buff,"Additional projectiles, additional projectile range, predicts ranged attacks",,,,,,,,,,,
champion_type_name_projectile_repulsion_field,"Projectile Repulsion Field",,,,,,,,,,,
champion_type_desc_projectile_repulsion_field,"Push player projectiles away",,,,,,,,,,,
champion_type_name_rapid_attack,"Rapid Attack",,,,,,,,,,,
champion_type_desc_rapid_attack,"67% increase in melee, projectile, and dash rate",,,,,,,,,,,
champion_type_name_regenerating,"Regenerating",,,,,,,,,,,
champion_type_desc_regenerating,"If damage hasn't been taken in the last second, rapidly recover missing health",,,,,,,,,,,
champion_type_name_revenge_explosion,"Revenge Explosion",,,,,,,,,,,
champion_type_desc_revenge_explosion,"Explode upon taking damage",,,,,,,,,,,
champion_type_name_reward,"Reward",,,,,,,,,,,
champion_type_desc_reward,"Spawn a chest on death (used for mini-bosses)",,,,,,,,,,,
champion_type_name_shoot,"Shoot (NYI)",,,,,,,,,,,
champion_type_desc_shoot,"Not Implemented",,,,,,,,,,,
champion_type_name_teleporting,"Teleporting",,,,,,,,,,,
champion_type_desc_teleporting,"Teleport randomly or when taking damage (must be near the player)",,,,,,,,,,,
champion_type_name_toxic_trail,"Toxic Trail",,,,,,,,,,,
champion_type_desc_toxic_trail,"Projectiles gain a trail of toxic sludge",,,,,,,,,,,
champion_type_name_gunpowder_blood,"Gunpowder Blood",,,,,,,,,,,
champion_type_desc_gunpowder_blood,"Bleed unstable gunpowder",,,,,,,,,,,
champion_type_name_poison_blood,"Poison Blood",,,,,,,,,,,
champion_type_desc_poison_blood,"Bleed poison",,,,,,,,,,,
champion_type_name_frozen_blood,"Cold Blooded",,,,,,,,,,,
champion_type_desc_frozen_blood,"Bleed freezing vapour",,,,,,,,,,,
champion_type_name_worm_bait,"Worm Bait",,,,,,,,,,,
champion_type_desc_worm_bait,"Not Implemented",,,,,,,,,,,
champion_type_name_sparkbolt,"Sparkbolt",,,,,,,,,,,
champion_type_desc_sparkbolt,"Gain a Sparkbolt attack",,,,,,,,,,,
champion_type_name_intangibility_frames,"Intangibility Frames",,,,,,,,,,,
champion_type_desc_intangibility_frames,"Gain frames of intangibility when taking player damage",,,,,,,,,,,
champion_type_name_poly_blood,"Polymorphine Blood",,,,,,,,,,,
champion_type_desc_poly_blood,"Bleed chaotic polymorphine",,,,,,,,,,,
champion_type_name_blood_spray,"High Blood Pressure",,,,,,,,,,,
champion_type_desc_blood_spray,"Blood sprays out when taking damage",,,,,,,,,,,
champion_type_name_tremor,"Tremor",,,,,,,,,,,
champion_type_desc_tremor,"Cause a localized earthquake on death",,,,,,,,,,,
champion_type_name_possessed,"Possessed",,,,,,,,,,,
champion_type_desc_possessed,"Followed by protective friendly ghosts",,,,,,,,,,,
ui_icon_name_champion_mode,"Champions Mode",,,,,,,,,,,
ui_icon_name_champion_mode_always,"Champions-Only Mode",,,,,,,,,,,
ui_icon_name_champion_mode_mini_boss,"Champions + Mini-Bosses Mode",,,,,,,,,,,
ui_icon_name_champion_mode_super,"Super Champions Mode",,,,,,,,,,,
ui_icon_name_champion_mode_mini_boss_super,"Super Champions + Mini-Bosses Mode",,,,,,,,,,,
ui_icon_name_champion_mode_always_super,"Super Champions-Only Mode",,,,,,,,,,,
ui_icon_name_champion_mode_always_mini_boss_super,"Ultimate Champion Mode",,,,,,,,,,,
ui_icon_description_champion_mode,"You will face difficult enemies.",,,,,,,,,,,
ui_icon_description_champion_mode_always,"You will face many difficult enemies.",,,,,,,,,,,
ui_icon_description_champion_mode_mini_boss,"You will face difficult enemies and encounter very dangerous creatures.",,,,,,,,,,,
ui_icon_description_champion_mode_super,"You will face very difficult enemies.",,,,,,,,,,,
ui_icon_description_champion_mode_always_mini_boss,"You will face many difficult enemies and encounter very dangerous creatures.",,,,,,,,,,,
ui_icon_description_champion_mode_always_super,"You will face many very difficult enemies.",,,,,,,,,,,
ui_icon_description_champion_mode_mini_boss_super,"You will face very difficult enemies and encounter very dangerous creatures.",,,,,,,,,,,
ui_icon_description_champion_mode_always_mini_boss_super,"You will face many very difficult enemies and encounter very dangerous creatures.",,,,,,,,,,,
ui_icon_image_champion_mode,"mods/gkbrkn_noita/files/gkbrkn/badges/champion_mode.png",,,,,,,,,,,
ui_icon_image_champion_mode_always,"mods/gkbrkn_noita/files/gkbrkn/badges/champion_mode_always.png",,,,,,,,,,,
ui_icon_image_champion_mode_mini_boss,"mods/gkbrkn_noita/files/gkbrkn/badges/champion_mode_mini_boss.png",,,,,,,,,,,
ui_icon_image_champion_mode_super,"mods/gkbrkn_noita/files/gkbrkn/badges/champion_mode_super.png",,,,,,,,,,,
ui_icon_image_champion_mode_always_mini_boss,"mods/gkbrkn_noita/files/gkbrkn/badges/champion_mode_always_mini_boss.png",,,,,,,,,,,
ui_icon_image_champion_mode_always_super,"mods/gkbrkn_noita/files/gkbrkn/badges/champion_mode_always_super.png",,,,,,,,,,,
ui_icon_image_champion_mode_mini_boss_super,"mods/gkbrkn_noita/files/gkbrkn/badges/champion_mode_mini_boss_super.png",,,,,,,,,,,
ui_icon_image_champion_mode_always_mini_boss_super,"mods/gkbrkn_noita/files/gkbrkn/badges/champion_mode_always_mini_boss_super.png",,,,,,,,,,,
ui_icon_name_hero_mode,"Hero Mode",,,,,,,,,,,
ui_icon_name_hero_mode_orbs,"Determined Hero Mode",,,,,,,,,,,
ui_icon_name_hero_mode_distance,"Courageous Hero Mode",,,,,,,,,,,
ui_icon_name_hero_mode_distance_orbs,"Ultimate Hero Mode",,,,,,,,,,,
ui_icon_name_hero_mode_distance_orbs_carnage,"Carnage Mode",,,,,,,,,,,
ui_icon_description_hero_mode,"You are strong, but so are your foes and they will stop at nothing to kill you.",,,,,,,,,,,
ui_icon_description_hero_mode_orbs,"You are strong, but so are your foes and they will stop at nothing to kill you.\nCollecting artefacts is dangerous.",,,,,,,,,,,
ui_icon_description_hero_mode_distance,"You are strong, but so are your foes and they will stop at nothing to kill you.\nEnemies grow stronger as you explore.",,,,,,,,,,,
ui_icon_description_hero_mode_distance_orbs,"You are strong, but so are your foes and they will stop at nothing to kill you.\nCollecting artefacts is dangerous and enemies grow stronger as you explore.",,,,,,,,,,,
ui_icon_description_hero_mode_distance_orbs_carnage,"The gods are against you.",,,,,,,,,,,
ui_icon_image_hero_mode,"mods/gkbrkn_noita/files/gkbrkn/badges/hero_mode.png",,,,,,,,,,,
ui_icon_image_hero_mode_orbs,"mods/gkbrkn_noita/files/gkbrkn/badges/hero_mode_orbs.png",,,,,,,,,,,
ui_icon_image_hero_mode_distance,"mods/gkbrkn_noita/files/gkbrkn/badges/hero_mode_distance.png",,,,,,,,,,,
ui_icon_image_hero_mode_distance_orbs,"mods/gkbrkn_noita/files/gkbrkn/badges/hero_mode_distance_orbs.png",,,,,,,,,,,
ui_icon_image_hero_mode_distance_orbs_carnage,"mods/gkbrkn_noita/files/gkbrkn/badges/hero_mode_distance_orbs_carnage.png",,,,,,,,,,,
ui_icon_name_nightmare_mode,"Nightmare Mode",,,,,,,,,,,
ui_icon_image_nightmare_mode,"mods/gkbrkn_noita/files/gkbrkn/badges/nightmare_mode.png",,,,,,,,,,,
ui_icon_description_nightmare_mode,"The world is unfamiliar. Death feels closer than ever.",,,,,,,,,,,
perk_name_gkbrkn_poly_to_acid,"Poly to Acid",,,,,,,,,,,
perk_desc_gkbrkn_poly_to_acid,"Convert nearby Polymorphine to Acid.",,,,,,,,,,,
perk_name_gkbrkn_magic_focus,"Magic Focus",,,,,,,,,,,
perk_desc_gkbrkn_magic_focus,"Fire rate and spread improves over time while you aren't firing.",,,,,,,,,,,
perk_name_gkbrkn_promote_spell,"Promote Spell",,,,,,,,,,,
perk_desc_gkbrkn_promote_spell,"A random spell on your wand has been promoted to always cast.",,,,,,,,,,,
perk_name_gkbrkn_demolitionist,"Demolition",,,,,,,,,,,
perk_desc_gkbrkn_demolitionist,"Your projectiles cause larger, more destructive explosions.",,,,,,,,,,,
perk_name_gkbrkn_duplicate_wand,"Duplicate Wand",,,,,,,,,,,
perk_desc_gkbrkn_duplicate_wand,"Your wand has been copied.",,,,,,,,,,,
perk_name_gkbrkn_extra_projectile,"Extra Projectile",,,,,,,,,,,
perk_desc_gkbrkn_extra_projectile,"You fire an additional projectile with each spell cast, but cast spells less quickly.",,,,,,,,,,,
perk_name_gkbrkn_fragile_ego,"Fragile Ego",,,,,,,,,,,
perk_desc_gkbrkn_fragile_ego,"Receive 75% less damage, but damage is permanent.",,,,,,,,,,,
perk_name_gkbrkn_golden_blood,"Golden Blood",,,,,,,,,,,
perk_desc_gkbrkn_golden_blood,"You bleed gold.",,,,,,,,,,,
perk_name_gkbrkn_healthier_heart,"Healthier Heart",,,,,,,,,,,
perk_desc_gkbrkn_healthier_heart,"You heal for the amount gained when gaining maximum health.",,,,,,,,,,,
perk_name_gkbrkn_invincibility_frames,"Invincibility Frames",,,,,,,,,,,
perk_desc_gkbrkn_invincibility_frames,"You become immune to enemy damage for a short time after taking enemy damage.",,,,,,,,,,,
perk_name_gkbrkn_knockback_immunity,"Knockback Immunity",,,,,,,,,,,
perk_desc_gkbrkn_knockback_immunity,"You are no longer affected by knockback or stunlock.",,,,,,,,,,,
perk_name_gkbrkn_living_wand,"Living Wand",,,,,,,,,,,
perk_desc_gkbrkn_living_wand,"Your wand has gained sentience.",,,,,,,,,,,
perk_name_gkbrkn_lost_treasure,"Lost Treasure",,,,,,,,,,,
perk_desc_gkbrkn_lost_treasure,"The gift of that which was forgotten.",,,,,,,,,,,
perk_name_gkbrkn_magic_light,"Magic Light",,,,,,,,,,,
perk_desc_gkbrkn_magic_light,"Control a magic light that cuts through darkness.",,,,,,,,,,,
perk_name_gkbrkn_mana_efficiency,"Mana Efficiency",,,,,,,,,,,
perk_desc_gkbrkn_mana_efficiency,"Spells drain slightly less mana.",,,,,,,,,,,
perk_name_gkbrkn_mana_recovery,"Mana Recovery",,,,,,,,,,,
perk_desc_gkbrkn_mana_recovery,"Your wands recover mana more quickly.",,,,,,,,,,,
perk_name_gkbrkn_material_compression,"Material Compression",,,,,,,,,,,
perk_desc_gkbrkn_material_compression,"Your flasks can now hold twice as much.",,,,,,,,,,,
perk_name_gkbrkn_multicast,"Multicast",,,,,,,,,,,
perk_desc_gkbrkn_multicast,"You cast 2 additional spells per cast.",,,,,,,,,,,
perk_name_gkbrkn_megacast,"Megacast",,,,,,,,,,,
perk_desc_gkbrkn_megacast,"You cast all of your wand's spells at once.",,,,,,,,,,,
perk_name_gkbrkn_passive_recharge,"Passive Recharge",,,,,,,,,,,
perk_desc_gkbrkn_passive_recharge,"Your wands recharge even when holstered.",,,,,,,,,,,
perk_name_gkbrkn_protagonist,"Protagonist",,,,,,,,,,,
perk_desc_gkbrkn_protagonist,"Your damage increases the closer you are to death.",,,,,,,,,,,
perk_name_gkbrkn_rapid_fire,"Rapid Fire",,,,,,,,,,,
perk_desc_gkbrkn_rapid_fire,"Cast spells much more rapidly, but less accurately.",,,,,,,,,,,
perk_name_gkbrkn_resilience,"Resilience",,,,,,,,,,,
perk_desc_gkbrkn_resilience,"You are more resistant to damage from status ailments.",,,,,,,,,,,
perk_name_gkbrkn_short_temper,"Short Temper",,,,,,,,,,,
perk_desc_gkbrkn_short_temper,"Taking damage makes you mad.",,,,,,,,,,,
perk_name_gkbrkn_spell_efficiency,"Spell Efficiency",,,,,,,,,,,
perk_desc_gkbrkn_spell_efficiency,"Some spell casts are free.",,,,,,,,,,,
perk_name_gkbrkn_swapper,"Swapper",,,,,,,,,,,
perk_desc_gkbrkn_swapper,"Confuse your enemies by swapping places with your attacker.",,,,,,,,,,,
perk_name_gkbrkn_thrifty_shopper,"Thrifty Shopper",,,,,,,,,,,
perk_desc_gkbrkn_thrifty_shopper,"From now on Holy Mountain shops will carry two additional items.",,,,,,,,,,,
perk_name_gkbrkn_queue_casting,"Queue Casting",,,,,,,,,,,
perk_desc_gkbrkn_queue_casting,"Each of your spells triggers the next when it expires.",,,,,,,,,,,
perk_name_gkbrkn_disenchant_spell,"Demote Spell",,,,,,,,,,,
perk_desc_gkbrkn_disenchant_spell,"A random always cast spell on your wand has been demoted.",,,,,,,,,,,
perk_name_gkbrkn_blood_magic,"Blood Magic",,,,,,,,,,,
perk_desc_gkbrkn_blood_magic,"Your life force is used in place of mana, but you take 5x damage.",,,,,,,,,,,
perk_name_gkbrkn_mana_mastery,"Mana Manipulation",,,,,,,,,,,
perk_desc_gkbrkn_mana_mastery,"From now on wands you find will have their mana and mana recharge stats reallocated and slightly improved.",,,,,,,,,,,
perk_name_gkbrkn_wandsmith,"Wandsmith",,,,,,,,,,,
perk_desc_gkbrkn_wandsmith,"From now on wands you find will have slightly better stats.",,,,,,,,,,,
perk_name_gkbrkn_hyper_casting,"Hyper Casting",,,,,,,,,,,
perk_desc_gkbrkn_hyper_casting,"Your projectiles move at hyper speed.",,,,,,,,,,,
perk_name_gkbrkn_lead_boots,"Lead Boots",,,,,,,,,,,
perk_desc_gkbrkn_lead_boots,"You experience no recoil as long as you are grounded.",,,,,,,,,,,
perk_name_gkbrkn_diplomatic_immunity,"Diplomatic Immunity",,,,,,,,,,,
perk_desc_gkbrkn_diplomatic_immunity,"You can no longer anger the gods.",,,,,,,,,,,
perk_name_gkbrkn_treasure_radar,"Treasure Radar",,,,,,,,,,,
perk_desc_gkbrkn_treasure_radar,"Detects nearby treasures.",,,,,,,,,,,
perk_name_gkbrkn_merge_wands,"Wand Fusion",,,,,,,,,,,
perk_desc_gkbrkn_merge_wands,"Your wands have fused together.",,,,,,,,,,,
perk_name_gkbrkn_upgrade_wand,"Upgrade Wand",,,,,,,,,,,
perk_desc_gkbrkn_upgrade_wand,"Your wand has been upgraded.",,,,,,,,,,,
perk_name_gkbrkn_recursion,"Recursion",,,,,,,,,,,
perk_desc_gkbrkn_recursion,"The next stackable perk you take will be taken three times, but your max health is reduced.",,,,,,,,,,,
perk_name_null,"Unnamed Perk",,,,,,,,,,,
perk_desc_null,"This perk is missing its localization data!",,,,,,,,,,,
action_name_gkbrkn_test_shot,"Test Shot",,,,,,,,,,,
action_desc_gkbrkn_test_shot,"For fixing Fracture",,,,,,,,,,,
action_name_gkbrkn_arcane_buckshot,"Arcane Buckshot",,,,,,,,,,,
action_desc_gkbrkn_arcane_buckshot,"A spray of arcane pellets",,,,,,,,,,,
action_name_gkbrkn_arcane_shot,"Arcane Shot",,,,,,,,,,,
action_desc_gkbrkn_arcane_shot,"A high powered shot of focused arcane energy",,,,,,,,,,,
action_name_gkbrkn_damage_bounce,"Damage Plus - Bounce",,,,,,,,,,,
action_desc_gkbrkn_damage_bounce,"Increases spell damage with each bounce",,,,,,,,,,,
action_name_gkbrkn_break_cast,"Break Cast",,,,,,,,,,,
action_desc_gkbrkn_break_cast,"Ignore all remaining spells",,,,,,,,,,,
action_name_gkbrkn_collision_detection,"Collision Detection",,,,,,,,,,,
action_desc_gkbrkn_collision_detection,"Cast a spell that attempts to avoid world collisions",,,,,,,,,,,
action_name_gkbrkn_copy_spell,"Imitation",,,,,,,,,,,
action_desc_gkbrkn_copy_spell,"Cast a copy of the next unlimited use spell (or cast the next spell if no valid spell exists)",,,,,,,,,,,
action_name_gkbrkn_double_cast,"Double Cast",,,,,,,,,,,
action_desc_gkbrkn_double_cast,"The next spell cast is doubled",,,,,,,,,,,
action_name_gkbrkn_triple_cast,"Triple Cast",,,,,,,,,,,
action_desc_gkbrkn_triple_cast,"The next spell cast is tripled",,,,,,,,,,,
action_name_gkbrkn_draw_deck,"Draw All",,,,,,,,,,,
action_desc_gkbrkn_draw_deck,"Simultaneously cast all remaining spells",,,,,,,,,,,
action_name_gkbrkn_extra_projectile,"Extra Projectile",,,,,,,,,,,
action_desc_gkbrkn_extra_projectile,"Cast a spell that gains an additional projectile",,,,,,,,,,,
action_name_gkbrkn_formation_stack,"Formation - Stack",,,,,,,,,,,
action_desc_gkbrkn_formation_stack,"Cast 3 spells stacked vertically",,,,,,,,,,,
action_name_gkbrkn_golden_blessing,"Golden Blessing",,,,,,,,,,,
action_desc_gkbrkn_golden_blessing,"Cast a spell that makes enemies it hits bleed gold",,,,,,,,,,,
action_name_gkbrkn_damage_lifetime,"Damage Plus - Lifetime",,,,,,,,,,,
action_desc_gkbrkn_damage_lifetime,"Increases the damage done by a spell over time",,,,,,,,,,,
action_name_gkbrkn_magic_light,"Magic Light",,,,,,,,,,,
action_desc_gkbrkn_magic_light,"Control a magic light that cuts through darkness",,,,,,,,,,,
action_name_gkbrkn_mana_efficiency,"Mana Efficiency",,,,,,,,,,,
action_desc_gkbrkn_mana_efficiency,"Cast the next spell for half mana",,,,,,,,,,,
action_name_gkbrkn_mana_recharge,"Mana Recharge",,,,,,,,,,,
action_desc_gkbrkn_mana_recharge,"Your wand recovers mana a little faster",,,,,,,,,,,
action_name_gkbrkn_micro_shield,"Micro Shield",,,,,,,,,,,
action_desc_gkbrkn_micro_shield,"Cast a spell that reflects projectiles",,,,,,,,,,,
action_name_gkbrkn_modification_field,"Circle of Divine Blessing",,,,,,,,,,,
action_desc_gkbrkn_modification_field,"A field of modification magic",,,,,,,,,,,
action_name_gkbrkn_ngon_shape,"Formation - N-gon",,,,,,,,,,,
action_desc_gkbrkn_ngon_shape,"Cast all remaining spells in a circular pattern",,,,,,,,,,,
action_name_gkbrkn_order_deck,"Order Deck",,,,,,,,,,,
action_desc_gkbrkn_order_deck,"Your wand casts spells in order",,,,,,,,,,,
action_name_gkbrkn_passive_recharge,"Passive Recharge",,,,,,,,,,,
action_desc_gkbrkn_passive_recharge,"Your wand recharges even while holstered",,,,,,,,,,,
action_name_gkbrkn_path_correction,"Path Correction",,,,,,,,,,,
action_desc_gkbrkn_path_correction,"Projectiles redirect towards nearby enemies",,,,,,,,,,,
action_name_gkbrkn_perfect_critical,"Damage Plus - Critical",,,,,,,,,,,
action_desc_gkbrkn_perfect_critical,"Increases spell critical damage",,,,,,,,,,,
action_name_gkbrkn_piercing_shot,"Piercing Shot",,,,,,,,,,,
action_desc_gkbrkn_piercing_shot,"Projectiles pierce entities, passing through them",,,,,,,,,,,
action_name_gkbrkn_perforating_shot,"Perforating Shot",,,,,,,,,,,
action_desc_gkbrkn_perforating_shot,"Projectiles perforates entities, passing through them",,,,,,,,,,,
action_name_gkbrkn_power_shot,"Power Shot",,,,,,,,,,,
action_desc_gkbrkn_power_shot,"Cast a spell with increased damage and material penetration",,,,,,,,,,,
action_name_gkbrkn_projectile_burst,"Projectile Burst",,,,,,,,,,,
action_desc_gkbrkn_projectile_burst,"Cast a spell that gains 4 additional projectiles with random muzzle velocity",,,,,,,,,,,
action_name_gkbrkn_projectile_gravity_well,"Projectile Gravity Well",,,,,,,,,,,
action_desc_gkbrkn_projectile_gravity_well,"Cast 3 spells of which the first attracts the others",,,,,,,,,,,
action_name_gkbrkn_projectile_orbit,"Projectile Orbit",,,,,,,,,,,
action_desc_gkbrkn_projectile_orbit,"Cast 5 spells of which the first has the others orbit around it",,,,,,,,,,,
action_name_gkbrkn_revelation,"Revelation",,,,,,,,,,,
action_desc_gkbrkn_revelation,"Cast a spell that reveals the area around enemies it hits",,,,,,,,,,,
action_name_gkbrkn_shimmering_treasure,"Shimmering Treasure",,,,,,,,,,,
action_desc_gkbrkn_shimmering_treasure,"Treasures catch your eye",,,,,,,,,,,
action_name_gkbrkn_shuffle_deck,"Shuffle Deck",,,,,,,,,,,
action_desc_gkbrkn_shuffle_deck,"Randomize the order of all remaining spells",,,,,,,,,,,
action_name_gkbrkn_spectral_shot,"Spectral Shot",,,,,,,,,,,
action_desc_gkbrkn_spectral_shot,"Cast a spell that passes through materials",,,,,,,,,,,
action_name_gkbrkn_spell_efficiency,"Spell Efficiency",,,,,,,,,,,
action_desc_gkbrkn_spell_efficiency,"Most spell casts are free",,,,,,,,,,,
action_name_gkbrkn_spell_merge,"Spell Merge",,,,,,,,,,,
action_desc_gkbrkn_spell_merge,"Cast 2 spells that are merged together",,,,,,,,,,,
action_name_gkbrkn_super_bounce,"Super Bounce",,,,,,,,,,,
action_desc_gkbrkn_super_bounce,"Cast a spell that bounces energetically",,,,,,,,,,,
action_name_gkbrkn_area_shot,"Area Damage",,,,,,,,,,,
action_desc_gkbrkn_area_shot,"Projectiles deal half their damage in a radius around them, but cost 2x more mana to cast",,,,,,,,,,,
action_name_gkbrkn_anchored_shot,"Anchored Shot",,,,,,,,,,,
action_desc_gkbrkn_anchored_shot,"Projectiles gravitate back towards where they were cast from",,,,,,,,,,,
action_name_gkbrkn_hyper_bounce,"Hyper Bounce",,,,,,,,,,,
action_desc_gkbrkn_hyper_bounce,"Cast a spell with unrivaled bouncing potential",,,,,,,,,,,
action_name_gkbrkn_time_split,"Haste",,,,,,,,,,,
action_desc_gkbrkn_time_split,"Increase mana cost by 3x to dramatically reduce current cast delay and recharge time",,,,,,,,,,,
action_name_gkbrkn_trigger_death,"Trigger - Death",,,,,,,,,,,
action_desc_gkbrkn_trigger_death,"Cast a spell that casts another spell when it expires",,,,,,,,,,,
action_name_gkbrkn_trigger_hit,"Trigger - Hit",,,,,,,,,,,
action_desc_gkbrkn_trigger_hit,"Cast a spell that casts another spell upon collision",,,,,,,,,,,
action_name_gkbrkn_trigger_timer,"Trigger - Timer",,,,,,,,,,,
action_desc_gkbrkn_trigger_timer,"Cast a spell that casts another spell after a timer runs out",,,,,,,,,,,
action_name_gkbrkn_barrier_trail,"Barrier Trail",,,,,,,,,,,
action_desc_gkbrkn_barrier_trail,"Projectiles gain a trail of barriers",,,,,,,,,,,
action_name_gkbrkn_glittering_trail,"Glittering Trail",,,,,,,,,,,
action_desc_gkbrkn_glittering_trail,"Projectiles gain a trail of explosions",,,,,,,,,,,
action_name_gkbrkn_chaotic_burst,"Chaotic Burst",,,,,,,,,,,
action_desc_gkbrkn_chaotic_burst,"Cast an uncontrolled burst of projectiles",,,,,,,,,,,
action_name_gkbrkn_zap,"Zap",,,,,,,,,,,
action_desc_gkbrkn_zap,"A short lived spark of electricity",,,,,,,,,,,
action_name_gkbrkn_stored_shot,"Stored Cast",,,,,,,,,,,
action_desc_gkbrkn_stored_shot,"Summon a magical phenomenon that casts a spell when you stop casting",,,,,,,,,,,
action_name_gkbrkn_carry_shot,"Magic Hand",,,,,,,,,,,
action_desc_gkbrkn_carry_shot,"The projectile is held in place a set distance from the tip of your wand",,,,,,,,,,,
action_name_gkbrkn_treasure_sense,"Treasure Sense",,,,,,,,,,,
action_desc_gkbrkn_treasure_sense,"You can feel the pull of treasures around you.",,,,,,,,,,,
action_name_gkbrkn_nugget_shot,"Nugget Shot",,,,,,,,,,,
action_desc_gkbrkn_nugget_shot,"Hurl some of your hard earned gold at the enemy. Requires 10 gold",,,,,,,,,,,
action_name_gkbrkn_protective_enchantment,"Protection",,,,,,,,,,,
action_desc_gkbrkn_protective_enchantment,"Cast a spell with a 3x higher mana cost that can not directly damage you",,,,,,,,,,,
action_name_gkbrkn_chain_cast,"Chain Cast",,,,,,,,,,,
action_desc_gkbrkn_chain_cast,"The projectile jumps from enemy to enemy",,,,,,,,,,,
action_name_gkbrkn_multi_death_trigger,"Queued Cast",,,,,,,,,,,
action_desc_gkbrkn_multi_death_trigger,"Cast 3 spells, each triggering the next when it expires",,,,,,,,,,,
action_name_gkbrkn_spell_duplicator,"Spell Duplicator",,,,,,,,,,,
action_desc_gkbrkn_spell_duplicator,"Summon a magical phenomenon that casts a spell in a random direction 5 times",,,,,,,,,,,
action_name_gkbrkn_feather_shot,"Feather Shot",,,,,,,,,,,
action_desc_gkbrkn_feather_shot,"The projectile has reduced terminal velocity and added lifetime",,,,,,,,,,,
action_name_gkbrkn_follow_shot,"Follow Shot",,,,,,,,,,,
action_desc_gkbrkn_follow_shot,"The projectile is influenced by your movement",,,,,,,,,,,
action_name_gkbrkn_sticky_shot,"Sticky Shot",,,,,,,,,,,
action_desc_gkbrkn_sticky_shot,"Cast a spell that sticks to surfaces",,,,,,,,,,,
action_name_gkbrkn_clinging_shot,"Lock",,,,,,,,,,,
action_desc_gkbrkn_clinging_shot,"Cast a spell that is greatly attracted towards an adjacent target, but quickly slows down with no targets nearby",,,,,,,,,,,
action_name_gkbrkn_duplicast,"Arcane Bouquet",,,,,,,,,,,
action_desc_gkbrkn_duplicast,"Spend 5x the mana to fire the projectile many times in a circular pattern",,,,,,,,,,,
action_name_gkbrkn_carpet_bomb,"Arcane Volley",,,,,,,,,,,
action_desc_gkbrkn_carpet_bomb,"Cast 2 spells the first of which drops multiples of the second over time",,,,,,,,,,,
action_name_gkbrkn_persistent_shot,"Persistent Shot",,,,,,,,,,,
action_desc_gkbrkn_persistent_shot,"Cast 2 spells that keep moving in the direction they were cast",,,,,,,,,,,
action_name_gkbrkn_ice_shot,"Ice Shot",,,,,,,,,,,
action_desc_gkbrkn_ice_shot,"A large chunk of magical ice or something",,,,,,,,,,,
action_name_gkbrkn_destructive_shot,"Destructive Shot",,,,,,,,,,,
action_desc_gkbrkn_destructive_shot,"Projectiles cause larger, more destructive explosions",,,,,,,,,,,
action_name_gkbrkn_bound_shot,"Bind",,,,,,,,,,,
action_desc_gkbrkn_bound_shot,"Cast a spell with an unlimited duration and destroy any existing bound spells",,,,,,,,,,,
action_name_gkbrkn_guided_shot,"Guided Shot",,,,,,,,,,,
action_desc_gkbrkn_guided_shot,"The projectile is influenced by your aim",,,,,,,,,,,
action_name_gkbrkn_time_compression,"Time Compression",,,,,,,,,,,
action_desc_gkbrkn_time_compression,"The projectile expires immediately",,,,,,,,,,,
action_name_gkbrkn_link_shot,"Link Shot",,,,,,,,,,,
action_desc_gkbrkn_link_shot,"Cast 2 spells the second of which will expire when the first expires",,,,,,,,,,,
action_name_gkbrkn_trailing_shot,"Trailing Shot",,,,,,,,,,,
action_desc_gkbrkn_trailing_shot,"Cast 4 spells, each one following the previous",,,,,,,,,,,
action_name_gkbrkn_zero_gravity,"Zero-gravity",,,,,,,,,,,
action_desc_gkbrkn_zero_gravity,"The projectile is unaffected by gravity",,,,,,,,,,,
action_name_gkbrkn_reduce_knockback,"Reduce Knockback",,,,,,,,,,,
action_desc_gkbrkn_reduce_knockback,"Decreases the knockback of the projectile",,,,,,,,,,,
action_name_gkbrkn_speed_down,"Speed Down",,,,,,,,,,,
action_desc_gkbrkn_speed_down,"Decreases the speed at which the projectile flies through the air",,,,,,,,,,,
action_name_gkbrkn_false_spell,"False Spell",,,,,,,,,,,
action_desc_gkbrkn_false_spell,"A spell that quickly dissipates",,,,,,,,,,,
action_name_gkbrkn_familiar_shot,"Familiar Shot",,,,,,,,,,,
action_desc_gkbrkn_familiar_shot,"Projectiles return to the caster if they're too far away",,,,,,,,,,,
action_name_gkbrkn_rapid_shot,"Rapid Shot",,,,,,,,,,,
action_desc_gkbrkn_rapid_shot,"Fire projectiles more quickly at the cost of accuracy and damage",,,,,,,,,,,
action_name_gkbrkn_seeker_shot,"Seeker Shot",,,,,,,,,,,
action_desc_gkbrkn_seeker_shot,"Projectiles rotate and accelerate towards the nearest target in front of them",,,,,,,,,,,
action_name_gkbrkn_paper_shot,"Paper Shot",,,,,,,,,,,
action_desc_gkbrkn_paper_shot,"Projectiles are affected by a very low terminal velocity",,,,,,,,,,,
action_name_gkbrkn_burst_fire,"Burst Fire",,,,,,,,,,,
action_desc_gkbrkn_burst_fire,"Shoot 3 projectiles in quick succession based on current cast delay",,,,,,,,,,,
action_name_gkbrkn_proximity_burst,"Volatile Magic",,,,,,,,,,,
action_desc_gkbrkn_proximity_burst,"Cast a spell that explodes and casts another spell towards a nearby enemy when it enters proximity",,,,,,,,,,,
action_name_gkbrkn_fracture,"Fracture",,,,,,,,,,,
action_desc_gkbrkn_fracture,"Cast a spell that splits into 3 weaker versions of itself when it expires",,,,,,,,,,,
action_name_gkbrkn_meta_cast,"Meta Cast",,,,,,,,,,,
action_desc_gkbrkn_meta_cast,"Cast the next spell for half mana, but it will not create projectiles",,,,,,,,,,,
action_name_gkbrkn_curious_shot,"Curious Path",,,,,,,,,,,
action_desc_gkbrkn_curious_shot,"The projectile flies with a curious flight path",,,,,,,,,,,
action_name_gkbrkn_focused_shot,"Empower",,,,,,,,,,,
action_desc_gkbrkn_focused_shot,"The next spell deals 5x more damage but costs 3x more mana",,,,,,,,,,,
action_name_gkbrkn_trigger_repeat,"Trigger - Repeat",,,,,,,,,,,
action_desc_gkbrkn_trigger_repeat,"Cast a spell that casts another spell repeatedly",,,,,,,,,,,
action_name_gkbrkn_trigger_take_damage,"Trigger - Take Damage",,,,,,,,,,,
action_desc_gkbrkn_trigger_take_damage,"Cast the next spell whenever you take damage",,,,,,,,,,,
tweak_name_gkbrkn_chainsaw,"Chainsaw Nerf",,,,,,,,,,,
tweak_desc_gkbrkn_chainsaw,"Mana cost up, cast delay reduction nerfed, not as OP in general",,,,,,,,,,,
tweak_name_gkbrkn_heavy_shot,"Heavy Shot Rework",,,,,,,,,,,
tweak_desc_gkbrkn_heavy_shot,"Rebalanced to add flat damage and critical change instead of all flat damage",,,,,,,,,,,
tweak_name_gkbrkn_damage,"Damage Plus Nerf",,,,,,,,,,,
tweak_desc_gkbrkn_damage,"More expensive to use",,,,,,,,,,,
tweak_name_gkbrkn_freeze,"Freeze Charge Rework",,,,,,,,,,,
tweak_desc_gkbrkn_freeze,"Removes the laggy particle effects (alters gameplay)",,,,,,,,,,,
tweak_name_gkbrkn_increase_mana,Disable Increase Mana,,,,,,,,,
tweak_desc_gkbrkn_increase_mana,"Removes it from the game",,,,,,,,,,,
tweak_name_gkbrkn_blindness,"Shorten Blindness",,,,,,,,,,,
tweak_desc_gkbrkn_blindness,"Shorten the blindness effect to 10 seconds",,,,,,,,,,,
tweak_name_gkbrkn_revenge_explosion,"Revenge Explosion Fix",,,,,,,,,,,
tweak_desc_gkbrkn_revenge_explosion,"Will no longer trigger on self or environmental damage",,,,,,,,,,,
tweak_name_gkbrkn_revenge_tentacle,"Revenge Tentacle Fix",,,,,,,,,,,
tweak_desc_gkbrkn_revenge_tentacle,"Will no longer trigger on self or environmental damage",,,,,,,,,,,
tweak_name_gkbrkn_glass_cannon,"Glass Cannon Rework",,,,,,,,,,,
tweak_desc_gkbrkn_glass_cannon,"3x damage dealt, 3x damage taken, no health reduction, no explosion radius changes",,,,,,,,,,,
tweak_name_gkbrkn_area_damage,"Area Damage Nerf",,,,,,,,,,,
tweak_desc_gkbrkn_area_damage,"Damage every 5 frames instead of every frame",,,,,,,,,,,
tweak_name_gkbrkn_chain_bolt,"Chain Bolt Fix",,,,,,,,,,,
tweak_desc_gkbrkn_chain_bolt,"Fixes targeting issues and script typos",,,,,,,,,,,
tweak_name_gkbrkn_stun_lock,"Reduce Stun Lock",,,,,,,,,,,
tweak_desc_gkbrkn_stun_lock,"Limits stun lock to 10 frames instead of until you hit the ground",,,,,,,,,,,
tweak_name_gkbrkn_projectile_repulsion,"Projectile Repulsion Rework",,,,,,,,,,,
tweak_desc_gkbrkn_projectile_repulsion,"No longer affects player projectiles",,,,,,,,,,,
tweak_name_gkbrkn_explosion_of_thunder,"Thunder Blast Fix",,,,,,,,,,,
tweak_desc_gkbrkn_explosion_of_thunder,"Allows Projectile Enchantment to negate the electrical damage",,,,,,,,,,,
tweak_name_gkbrkn_all_seeing_eye,"X-Ray Buff",,,,,,,,,,,
tweak_desc_gkbrkn_all_seeing_eye,"Allows the spell to uncover dark areas",,,,,,,,,,,
tweak_name_gkbrkn_spiral_shot,"Spiral Shot Rework",,,,,,,,,,,
tweak_desc_gkbrkn_spiral_shot,"Complete spell rewrite to greatly improve performance",,,,,,,,,,,
tweak_name_gkbrkn_teleport_cast,"Teleporting Cast Fix",,,,,,,,,,,
tweak_desc_gkbrkn_teleport_cast,"Fixes targeting issues",,,,,,,,,,,
tweak_name_gkbrkn_piercing_shot,"Piercing Shot Fix",,,,,,,,,,,
tweak_desc_gkbrkn_piercing_shot,"Modifier works on frame 1 instead of frame 2",,,,,,,,,,,
tweak_name_gkbrkn_clipping_shot,"Clipping Shot Fix",,,,,,,,,,,
tweak_desc_gkbrkn_clipping_shot,"Modifier works on frame 1 instead of frame 2",,,,,,,,,,,
tweak_name_gkbrkn_blood_amount,"Reduce Blood Amount",,,,,,,,,,,
tweak_desc_gkbrkn_blood_amount,"Reduces enemy blood multiplier each time they are shot",,,,,,,,,,,
tweak_name_gkbrkn_allow_negative_mana_always_cast,"Allow Negative Mana Always Cast",,,,,,,,,,,
tweak_desc_gkbrkn_allow_negative_mana_always_cast,"Allows actions that restore mana to work even if they are always cast",,,,,,,,,,,
tweak_name_gkbrkn_reduced_electrocution,"Reduced Electrocution",,,,,,,,,,,
tweak_desc_gkbrkn_reduced_electrocution,"Cuts electrocution time in half",,,,,,,,,,,
tweak_name_gkbrkn_trigger_block_expansion,"Trigger Block Expansion",,,,,,,,,,,
tweak_desc_gkbrkn_trigger_block_expansion,"Gives each projectile in a spell cast its own trigger logic (eg; triplicate bolt with trigger)",,,,,,,,,,,
item_name_gkbrkn_spell_bag,"Spell Bag",,,,,,,,,,,
item_desc_gkbrkn_spell_bag,"A bag in which to hold your spells",,,,,,,,,,,
item_info_gkbrkn_spell_bag,"Hold in hand and walk over spells to pick them up, hold in hand and click to pluck a random spell out",,,,,,,,,,,
item_name_gkbrkn_endless_flask,"Endless Flask",,,,,,,,,,,
item_desc_gkbrkn_endless_flask,"A flask that destroys its contents",,,,,,,,,,,
item_info_gkbrkn_endless_flask,"Insert liquid",,,,,,,,,,,
event_name_take_damage,"Take Damage",,,,,,,,,,,
event_name_circle_of_x,"Circle of X",,,,,,,,,,,
event_name_random_perk,"Random Perk",,,,,,,,,,,
event_name_blindness,"Blindness",,,,,,,,,,,
event_name_enemy_shields,"Enemy Shields",,,,,,,,,,,
event_name_event_horizon,"Event Horizon",,,,,,,,,,,
event_name_gift_spell,"Gift: Spell",,,,,,,,,,,
event_name_homing_black_hole,"Homing Black Hole",,,,,,,,,,,
event_name_rainy_day,"Rainy Day",,,,,,,,,,,
event_name_take_flight,"Take Flight",,,,,,,,,,,
loadout_message_format,"%s",,,,,,,,,,,
loadout_random_prefixes,"Cool,Silly,Funny,Awesome,Neat,Practiced,Veteran,Curious",,,,,,,,,,,
loadout_spellcaster_types,"Wizard,Warlock,Witch,Mage,Druid,Magician,Spellcaster,Spellslinger,Spellsmith,Spellmaster,Initiate,Enthusiast",,,,,,,,,,,
loadout_alchemist,"Alchemist",,,,,,,,,,,
loadout_blood,"Blood TYPE",,,,,,,,,,,
loadout_bomb,"Bomb TYPE",,,,,,,,,,,
loadout_bubble,"Bubble TYPE",,,,,,,,,,,
loadout_charge,"Charge TYPE",,,,,,,,,,,
loadout_combustion,"Combustion TYPE",,,,,,,,,,,
loadout_conjurer,"Conjuration TYPE",,,,,,,,,,,
loadout_convergent,"Convergent TYPE",,,,,,,,,,,
loadout_critical,"Critical TYPE",,,,,,,,,,,
loadout_debug,"Development TYPE",,,,,,,,,,,
loadout_default,"Default TYPE",,,,,,,,,,,
loadout_demolitionist,"Demolition TYPE",,,,,,,,,,,
loadout_duplicator,"Duplication TYPE",,,,,,,,,,,
loadout_eldritch,"Tentacle TYPE",,,,,,,,,,,
loadout_event_horizon,"Event Horizon",,,,,,,,,,,
loadout_frost,"Frost TYPE",,,,,,,,,,,
loadout_geomancer,"Geomancer TYPE",,,,,,,,,,,
loadout_glitter,"Glitter TYPE",,,,,,,,,,,
loadout_goo_mode,"Goo Mode",,,,,,,,,,,
loadout_gravity,"Gravity TYPE",,,,,,,,,,,
loadout_grease,"Grease TYPE",,,,,,,,,,,
loadout_heroic,"Heroic TYPE",,,,,,,,,,,
loadout_hydromancy,"Hydromancy TYPE",,,,,,,,,,,
loadout_kamikaze,"Kamikaze TYPE",,,,,,,,,,,
loadout_knockback,"Knockback TYPE",,,,,,,,,,,
loadout_legendary,"Legendary TYPE",,,,,,,,,,,
loadout_light,"Light TYPE",,,,,,,,,,,
loadout_melting,"Melting TYPE",,,,,,,,,,,
loadout_poison,"Poison TYPE",,,,,,,,,,,
loadout_rapid,"Rapid TYPE",,,,,,,,,,,
loadout_seeker,"Seeker TYPE",,,,,,,,,,,
loadout_sniper,"Sniper TYPE",,,,,,,,,,,
loadout_spark,"Spark TYPE",,,,,,,,,,,
loadout_speed,"Speed TYPE",,,,,,,,,,,
loadout_speedrunner,"Speedrunning TYPE",,,,,,,,,,,
loadout_spellsword,"Spellsword TYPE",,,,,,,,,,,
loadout_taikasauva_terror,"Taikasauva Terror",,,,,,,,,,,
loadout_toxic,"Toxic TYPE",,,,,,,,,,,
loadout_treasure_hunter,"Treasure Hunting TYPE",,,,,,,,,,,
loadout_trickster,"Trickster TYPE",,,,,,,,,,,
loadout_unstable,"Unstable TYPE",,,,,,,,,,,
loadout_vampire,"Vampiric TYPE",,,,,,,,,,,
loadout_bouncy,"Bouncy TYPE",,,,,,,,,,,
loadout_lancer,"Lancer TYPE",,,,,,,,,,,
loadout_wandsmith,"Wandsmith",,,,,,,,,,,
loadout_zoning,"Zoning TYPE",,,,,,,,,,,
loadout_gunner,"Gunner TYPE",,,,,,,,,,,
game_modifier_name_gkbrkn_disable_random_spells,"Disable Random Spells",,,,,,,,,,,
game_modifier_desc_gkbrkn_disable_random_spells,"A challenge option that disables 10% of spells at the start of the run",,,,,,,,,,,
game_modifier_name_gkbrkn_generate_random_spellbooks,"Generate Random Spellbooks",,,,,,,,,,,
game_modifier_desc_gkbrkn_generate_random_spellbooks,"Generate spells that are a combination of 3-6 other spells",,,,,,,,,,,
game_modifier_name_gkbrkn_limited_mana,"Limited Mana",,,,,,,,,,,
game_modifier_desc_gkbrkn_limited_mana,"Wands have more mana, but do not recharge mana.",,,,,,,,,,,
game_modifier_name_gkbrkn_goo_mode,"Goo Mode",,,,,,,,,,,
game_modifier_desc_gkbrkn_goo_mode,"Try to outrun the ever expanding goo! You'll drown if you get stuck in it, so move quickly!",,,,,,,,,,,
game_modifier_name_gkbrkn_killer_goo_mode,"Killer Goo Mode",,,,,,,,,,,
game_modifier_desc_gkbrkn_killer_goo_mode,"A mysterious killer goo is consuming everything it touches! Avoid it at all cost!",,,,,,,,,,,
game_modifier_name_gkbrkn_alt_killer_goo_mode,"Corruption Goo Mode",,,,,,,,,,,
game_modifier_desc_gkbrkn_alt_killer_goo_mode,"Corruption is spreading and converting the world. Don't get caught up in it!",,,,,,,,,,,
game_modifier_name_gkbrkn_poly_goo_mode,"Poly Goo Mode",,,,,,,,,,,
game_modifier_desc_gkbrkn_poly_goo_mode,"Some pretty pink goo is making everything cute and fluffy. Will this be your fate, too?",,,,,,,,,,,
game_modifier_name_gkbrkn_hot_goo_mode,"Hot Goo Mode",,,,,,,,,,,
game_modifier_desc_gkbrkn_hot_goo_mode,"The floor is lava? How about the world is lava! Get away from that hot goo!",,,,,,,,,,,
game_modifier_name_gkbrkn_rebalance_shops,"Rebalance Shops",,,,,,,,,,,
game_modifier_desc_gkbrkn_rebalance_shops,"Shop prices are rebalanced.",,,,,,,,,,,
game_modifier_name_gkbrkn_no_wand_generation,"No Wand Generation",,,,,,,,,,,
game_modifier_desc_gkbrkn_no_wand_generation,"Wands will not generate naturally in the world.",,,,,,,,,,,
game_modifier_name_gkbrkn_no_edit,"No Wand Editing",,,,,,,,,,,
game_modifier_desc_gkbrkn_no_edit,"You can not edit wands.",,,,,,,,,,,
game_modifier_name_gkbrkn_no_hit,"No Hit",,,,,,,,,,,
game_modifier_desc_gkbrkn_no_hit,"You die in one hit.",,,,,,,,,,,
game_modifier_name_gkbrkn_limited_ammo,"Limited Ammo",,,,,,,,,,,
game_modifier_desc_gkbrkn_limited_ammo,"Unlimited use spells become limited.",,,,,,,,,,,
game_modifier_name_gkbrkn_unlimited_ammo,"Unlimited Ammo",,,,,,,,,,,
game_modifier_desc_gkbrkn_unlimited_ammo,"Limited use spells become unlimited.",,,,,,,,,,,
game_modifier_name_gkbrkn_guaranteed_always_cast,"Guaranteed Always Cast",,,,,,,,,,,
game_modifier_desc_gkbrkn_guaranteed_always_cast,"Generated wands will have at least 1 Always Cast spell.",,,,,,,,,,,
game_modifier_name_gkbrkn_shuffle_wands_only,"Shuffle Wands Only",,,,,,,,,,,
game_modifier_desc_gkbrkn_shuffle_wands_only,"Generated wands will be Shuffle: Yes.",,,,,,,,,,,
game_modifier_name_gkbrkn_order_wands_only,"Order Wands Only",,,,,,,,,,,
game_modifier_desc_gkbrkn_order_wands_only,"Generated wands will be Shuffle: No.",,,,,,,,,,,
game_modifier_name_gkbrkn_wand_shops_only,"Wand Shops Only",,,,,,,,,,,
game_modifier_desc_gkbrkn_wand_shops_only,"Shops will only have wands in them.",,,,,,,,,,,
game_modifier_name_gkbrkn_spell_shops_only,"Spell Shops Only",,,,,,,,,,,
game_modifier_desc_gkbrkn_spell_shops_only,"Shops will only have spells in them.",,,,,,,,,,,
game_modifier_name_gkbrkn_free_shops,"Free Shops",,,,,,,,,,,
game_modifier_desc_gkbrkn_free_shops,"Items in the shop will cost no gold.",,,,,,,,,,,
game_modifier_name_gkbrkn_floor_is_lava,"Floor is Lava",,,,,,,,,,,
game_modifier_desc_gkbrkn_floor_is_lava,"You take damage while grounded.",,,,,,,,,,,
game_modifier_name_gkbrkn_infinite_flight,"Unlimited Levitation",,,,,,,,,,,
game_modifier_desc_gkbrkn_infinite_flight,"You can levitate freely.",,,,,,,,,,,
game_modifier_name_gkbrkn_disintegrate_corpses,"Disintegrate Corpses",,,,,,,,,,,
game_modifier_desc_gkbrkn_disintegrate_corpses,"Your kills leave no corpses behind.",,,,,,,,,,,
game_modifier_name_gkbrkn_remove_generic_wands,"Remove Generic Wands",,,,,,,,,,,
game_modifier_desc_gkbrkn_remove_generic_wands,"Wands that aren't considered special (loadouts, challenges, duplicates, merged, etc.) are removed from the world.",,,,,,,,,,,
game_modifier_name_gkbrkn_angry_gods,"Angry Gods",,,,,,,,,,,
game_modifier_desc_gkbrkn_angry_gods,"The gods start angered.",,,,,,,,,,,
game_modifier_name_gkbrkn_keep_moving,"Keep Moving",,,,,,,,,,,
game_modifier_desc_gkbrkn_keep_moving,"Deadly barriers appear where you've recently been. Avoid them!",,,,,,,,,,,
game_modifier_name_gkbrkn_no_hit_lite,"No Hit Lite",,,,,,,,,,,
game_modifier_desc_gkbrkn_no_hit_lite,"You move to the previous Holy Mountain upon taking damage.",,,,,,,,,,,
game_modifier_name_gkbrkn_kick_spells_off_wands,"Kick Spells Off Wands",,,,,,,,,,,
game_modifier_desc_gkbrkn_kick_spells_off_wands,"You can kick spells off of wands.",,,,,,,,,,,
game_modifier_name_gkbrkn_kick_spells_around,"Kick Spells Around",,,,,,,,,,,
game_modifier_desc_gkbrkn_kick_spells_around,"You can kick spells around.",,,,,,,,,,,
game_modifier_name_gkbrkn_enemy_invincibility_frames,"Enemy Invincibility Frames",,,,,,,,,,,
game_modifier_desc_gkbrkn_enemy_invincibility_frames,"Enemies gain invincibility frames when taking player damage.",,,,,,,,,,,
game_modifier_name_gkbrkn_enemy_intangibility_frames,"Enemy Intangibility Frames",,,,,,,,,,,
game_modifier_desc_gkbrkn_enemy_intangibility_frames,"Enemies gain intangibility frames when taking player damage.",,,,,,,,,,,
